{"\u00c5land": {"Matrix": [[1.0]], "States": [1]}, "Afghanistan": {"Matrix": [[1.0]], "States": [2]}, "Albania": {"Matrix": [[1.0]], "States": [2]}, "Algeria": {"Matrix": [[0.9841269841269841, 0.015873015873015872], [1.0, 0.0]], "States": [3, 4]}, "American Samoa": {"Matrix": [[1.0]], "States": [4]}, "Andorra": {"Matrix": [[1.0]], "States": [2]}, "Angola": {"Matrix": [[1.0]], "States": [3]}, "Anguilla": {"Matrix": [[1.0]], "States": [4]}, "Antigua And Barbuda": {"Matrix": [[1.0]], "States": [4]}, "Argentina": {"Matrix": [[1.0]], "States": [2]}, "Armenia": {"Matrix": [[0.8771929824561403, 0.12280701754385964], [0.8571428571428571, 0.14285714285714285]], "States": [1, 2]}, "Aruba": {"Matrix": [[1.0]], "States": [4]}, "Australia": {"Matrix": [[1.0]], "States": [3]}, "Austria": {"Matrix": [[1.0]], "States": [1]}, "Azerbaijan": {"Matrix": [[1.0]], "States": [2]}, "Bahamas": {"Matrix": [[0.25, 0.75], [0.05, 0.95]], "States": [3, 4]}, "Bahrain": {"Matrix": [[1.0]], "States": [4]}, "Baker Island": {"Matrix": [[1.0]], "States": [4]}, "Bangladesh": {"Matrix": [[0.2222222222222222, 0.7777777777777778], [0.10909090909090909, 0.8909090909090909]], "States": [3, 4]}, "Barbados": {"Matrix": [[1.0]], "States": [4]}, "Belarus": {"Matrix": [[1.0]], "States": [1]}, "Belgium": {"Matrix": [[0.625, 0.375], [0.375, 0.625]], "States": [1, 2]}, "Belize": {"Matrix": [[0.0, 1.0], [0.06666666666666667, 0.9333333333333333]], "States": [3, 4]}, "Benin": {"Matrix": [[1.0]], "States": [4]}, "Bhutan": {"Matrix": [[1.0]], "States": [2]}, "Bolivia": {"Matrix": [[1.0]], "States": [3]}, "Bonaire, Saint Eustatius And Saba": {"Matrix": [[1.0]], "States": [4]}, "Bosnia And Herzegovina": {"Matrix": [[0.0, 1.0], [0.0847457627118644, 0.9152542372881356]], "States": [1, 2]}, "Botswana": {"Matrix": [[1.0]], "States": [3]}, "Brazil": {"Matrix": [[0.5416666666666666, 0.4583333333333333], [0.25, 0.75]], "States": [3, 4]}, "British Virgin Islands": {"Matrix": [[1.0]], "States": [4]}, "Bulgaria": {"Matrix": [[0.0, 1.0], [0.03225806451612903, 0.967741935483871]], "States": [1, 2]}, "Burkina Faso": {"Matrix": [[1.0]], "States": [4]}, "Burma": {"Matrix": [[1.0]], "States": [3]}, "Burundi": {"Matrix": [[0.45454545454545453, 0.5454545454545454], [0.11320754716981132, 0.8867924528301887]], "States": [2, 3]}, "Cote D'Ivoire": {"Matrix": [[1.0]], "States": [4]}, "Cambodia": {"Matrix": [[1.0]], "States": [4]}, "Cameroon": {"Matrix": [[0.9444444444444444, 0.05555555555555555], [0.3, 0.7]], "States": [3, 4]}, "Canada": {"Matrix": [[1.0]], "States": [0]}, "Cape Verde": {"Matrix": [[0.9259259259259259, 0.07407407407407407], [0.3, 0.7]], "States": [3, 4]}, "Cayman Islands": {"Matrix": [[1.0]], "States": [4]}, "Central African Republic": {"Matrix": [[0.0, 1.0], [0.015873015873015872, 0.9841269841269841]], "States": [3, 4]}, "Chad": {"Matrix": [[1.0]], "States": [4]}, "Chile": {"Matrix": [[0.78, 0.22], [0.7142857142857143, 0.2857142857142857]], "States": [1, 2]}, "China": {"Matrix": [[1.0]], "States": [1]}, "Christmas Island": {"Matrix": [[1.0]], "States": [4]}, "Colombia": {"Matrix": [[0.4444444444444444, 0.5555555555555556], [0.21739130434782608, 0.782608695652174]], "States": [3, 4]}, "Comoros": {"Matrix": [[1.0]], "States": [4]}, "Congo (Democratic Republic Of The)": {"Matrix": [[1.0]], "States": [3]}, "Congo": {"Matrix": [[0.9215686274509803, 0.0784313725490196], [0.3076923076923077, 0.6923076923076923]], "States": [3, 4]}, "Costa Rica": {"Matrix": [[1.0]], "States": [4]}, "Croatia": {"Matrix": [[1.0]], "States": [2]}, "Cuba": {"Matrix": [[1.0]], "States": [4]}, "Cura\u00e7ao": {"Matrix": [[1.0]], "States": [4]}, "Cyprus": {"Matrix": [[0.9322033898305084, 0.06779661016949153], [0.6, 0.4]], "States": [2, 3]}, "Czech Republic": {"Matrix": [[1.0]], "States": [1]}, "Denmark (Europe)": {"Matrix": [[1.0]], "States": [1]}, "Denmark": {"Matrix": [[1.0]], "States": [0]}, "Djibouti": {"Matrix": [[1.0]], "States": [4]}, "Dominica": {"Matrix": [[1.0]], "States": [4]}, "Dominican Republic": {"Matrix": [[1.0]], "States": [4]}, "Ecuador": {"Matrix": [[1.0]], "States": [3]}, "Egypt": {"Matrix": [[0.9841269841269841, 0.015873015873015872], [1.0, 0.0]], "States": [3, 4]}, "El Salvador": {"Matrix": [[0.46153846153846156, 0.5384615384615384], [0.13725490196078433, 0.8627450980392157]], "States": [3, 4]}, "Equatorial Guinea": {"Matrix": [[0.4117647058823529, 0.5882352941176471], [0.2127659574468085, 0.7872340425531915]], "States": [3, 4]}, "Eritrea": {"Matrix": [[1.0]], "States": [4]}, "Estonia": {"Matrix": [[1.0]], "States": [1]}, "Ethiopia": {"Matrix": [[1.0]], "States": [3]}, "Falkland Islands (Islas Malvinas)": {"Matrix": [[1.0]], "States": [1]}, "Faroe Islands": {"Matrix": [[1.0]], "States": [1]}, "Federated States Of Micronesia": {"Matrix": [[1.0]], "States": [4]}, "Fiji": {"Matrix": [[0.5, 0.5], [0.03333333333333333, 0.9666666666666667]], "States": [3, 4]}, "Finland": {"Matrix": [[0.2, 0.8], [0.06779661016949153, 0.9322033898305084]], "States": [0, 1]}, "France (Europe)": {"Matrix": [[0.3333333333333333, 0.6666666666666666], [0.03278688524590164, 0.9672131147540983]], "States": [1, 2]}, "France": {"Matrix": [[1.0]], "States": [2]}, "French Guiana": {"Matrix": [[1.0]], "States": [4]}, "French Polynesia": {"Matrix": [[1.0]], "States": [4]}, "French Southern And Antarctic Lands": {"Matrix": [[1.0]], "States": [1]}, "Gabon": {"Matrix": [[0.9655172413793104, 0.034482758620689655], [0.3333333333333333, 0.6666666666666666]], "States": [3, 4]}, "Gambia": {"Matrix": [[1.0]], "States": [4]}, "Gaza Strip": {"Matrix": [[0.7608695652173914, 0.2391304347826087], [0.5555555555555556, 0.4444444444444444]], "States": [2, 3]}, "Georgia": {"Matrix": [[0.967741935483871, 0.03225806451612903], [1.0, 0.0]], "States": [1, 2]}, "Germany": {"Matrix": [[0.9841269841269841, 0.015873015873015872], [1.0, 0.0]], "States": [1, 2]}, "Ghana": {"Matrix": [[1.0]], "States": [4]}, "Greece": {"Matrix": [[1.0]], "States": [2]}, "Greenland": {"Matrix": [[1.0]], "States": [0]}, "Grenada": {"Matrix": [[1.0]], "States": [4]}, "Guadeloupe": {"Matrix": [[1.0]], "States": [4]}, "Guam": {"Matrix": [[1.0]], "States": [4]}, "Guatemala": {"Matrix": [[1.0]], "States": [3]}, "Guernsey": {"Matrix": [[0.0, 1.0], [0.015873015873015872, 0.9841269841269841]], "States": [1, 2]}, "Guinea Bissau": {"Matrix": [[1.0]], "States": [4]}, "Guinea": {"Matrix": [[1.0]], "States": [4]}, "Guyana": {"Matrix": [[1.0]], "States": [4]}, "Haiti": {"Matrix": [[1.0]], "States": [4]}, "Heard Island And Mcdonald Islands": {"Matrix": [[1.0]], "States": [1]}, "Honduras": {"Matrix": [[0.5833333333333334, 0.4166666666666667], [0.25, 0.75]], "States": [3, 4]}, "Hong Kong": {"Matrix": [[1.0]], "States": [3]}, "Hungary": {"Matrix": [[0.5, 0.5], [0.2619047619047619, 0.7380952380952381]], "States": [1, 2]}, "Iceland": {"Matrix": [[1.0]], "States": [1]}, "India": {"Matrix": [[0.9838709677419355, 0.016129032258064516], [0.5, 0.5]], "States": [3, 4]}, "Indonesia": {"Matrix": [[1.0]], "States": [4]}, "Iran": {"Matrix": [[0.9841269841269841, 0.015873015873015872], [1.0, 0.0]], "States": [2, 3]}, "Iraq": {"Matrix": [[1.0]], "States": [3]}, "Ireland": {"Matrix": [[0.7435897435897436, 0.2564102564102564], [0.4, 0.6]], "States": [1, 2]}, "Isle Of Man": {"Matrix": [[0.7674418604651163, 0.23255813953488372], [0.47619047619047616, 0.5238095238095238]], "States": [1, 2]}, "Israel": {"Matrix": [[0.5357142857142857, 0.4642857142857143], [0.3333333333333333, 0.6666666666666666]], "States": [2, 3]}, "Italy": {"Matrix": [[1.0]], "States": [2]}, "Jamaica": {"Matrix": [[1.0]], "States": [4]}, "Japan": {"Matrix": [[1.0]], "States": [2]}, "Jersey": {"Matrix": [[0.0, 1.0], [0.015873015873015872, 0.9841269841269841]], "States": [1, 2]}, "Jordan": {"Matrix": [[0.7435897435897436, 0.2564102564102564], [0.36, 0.64]], "States": [2, 3]}, "Kazakhstan": {"Matrix": [[1.0]], "States": [1]}, "Kenya": {"Matrix": [[0.9508196721311475, 0.04918032786885246], [1.0, 0.0]], "States": [3, 4]}, "Kingman Reef": {"Matrix": [[1.0]], "States": [4]},